Payment ID,Name,Email,Date of Payment
pi_3MexrhC2Rf9cR96c1jFkSKXC,"client 1",payment1@yahoo.com,"24-02-2023 10:47:33"
pi_3Mey41C2Rf9cR96c0RV9zR3r,"client 2",client2@yahoo.com,"24-02-2023 11:00:23"
pi_3MeyudC2Rf9cR96c1SFBVx1g,"VU TRO",vtr@yahoo.com,"24-02-2023 11:54:55"
pi_3Mez3BC2Rf9cR96c1psIFpPL,final,final@yahoo.com,"24-02-2023 12:03:48"
pi_3Mez8NC2Rf9cR96c0ewZjUZC,"client 4",email@email.com,"24-02-2023 12:09:08"
pi_3MezCQC2Rf9cR96c1ICo6q1V,testui,testui@gmail.com,"24-02-2023 12:12:58"
pi_3MezDTC2Rf9cR96c02HvDUX9,"carte failed",cartefailed@yahoo.fr,"24-02-2023 12:17:33"
pi_3MezQ6C2Rf9cR96c0Nx3RNG2,toutok,toutok@email.fr,"24-02-2023 12:26:59"
pi_3MezsqC2Rf9cR96c11Q3PVsZ,buildvite,buildvite@email.fr,"24-02-2023 12:56:48"
pi_3Mf0oJC2Rf9cR96c0qb7iS7i,"Site En Ligne",siteenligne@email.fr,"24-02-2023 13:58:04"
pi_3Mf15MC2Rf9cR96c1cxmdAlg,"show ",show@email.fr,"24-02-2023 14:14:05"
pi_3Mf49EC2Rf9cR96c1SfYrtuc,sebas,sebas@email.com,"24-02-2023 17:35:54"
